{
    "providers": [
        {
            "file":"ranks:font/rank/owner.png",
            "chars":[
               ""
            ],
            "height":9,
            "ascent":8,
            "type":"bitmap"
         },
         {
            "file":"ranks:font/rank/admin.png",
            "chars":[
               ""
            ],
            "height":9,
            "ascent":8,
            "type":"bitmap"
         },
         {
            "file":"ranks:font/rank/tex.png",
            "chars":[
               ""
            ],
            "height":9,
            "ascent":8,
            "type":"bitmap"
         },
         {
            "file":"ranks:font/rank/kurator.png",
            "chars":[
               ""
            ],
            "height":9,
            "ascent":8,
            "type":"bitmap"
         },
         {
            "file":"ranks:font/rank/mentor.png",
            "chars":[
               ""
            ],
            "height":9,
            "ascent":8,
            "type":"bitmap"
         },
         {
            "file":"ranks:font/rank/player.png",
            "chars":[
               ""
            ],
            "height":9,
            "ascent":8,
            "type":"bitmap"
         },
         {
            "file":"ranks:font/rank/moder.png",
            "chars":[
               "΀"
            ],
            "height":9,
            "ascent":8,
            "type":"bitmap"
         }
    ]
}